Year,state,Total_Agriculture_forestry_fishing_hunting_mining,Total_Construction,Total_Manufacturing,Total_Wholesale_trade,Total_Retail_trade,Total_Transportation_warehousing_utilities,Total_Information,Total_Finance_insurance_realestate_rental_leasing,Total_Professional_scientific_management_administrative_waste_management_services,Total_Educationalservices_healthcare_socialassistance,Total_Arts_entertainment_recreation_accommodation_foodservices,Total_Otherservices_except_Public_administration,Total_Public_administration,Male,Male_Agriculture_forestry_fishing_hunting_mining,Male_Construction,Male_Manufacturing,Male_Wholesale_trade,Male_Retail_trade,Male_Transportation_warehousing_utilities,Male_Information,Male_Finance_insurance_realestate_rental_leasing,Male_Professional_scientific_management_administrative_waste_management_services,Male_Educationalservices_healthcare_socialassistance,Male_Arts_entertainment_recreation_accommodation_foodservices,Male_Otherservices_except_Public_administration,Male_Public_administration,Female,Female_Agriculture_forestry_fishing_hunting_mining,Female_Construction,Female_Manufacturing,Female_Wholesale_trade,Female_Retail_trade,Female_Transportation_warehousing_utilities,Female_Information,Female_Finance_insurance_realestate_rental_leasing,Female_Professional_scientific_management_administrative_waste_management_services,Female_Educationalservices_healthcare_socialassistance,Female_Arts_entertainment_recreation_accommodation_foodservices,Female_Otherservices_except_Public_administration,Female_Public_administration,Gender_Agriculture_forestry_fishing_hunting_mining,Gender_Construction,Gender_Manufacturing,Gender_Wholesale_trade,Gender_Retail_trade,Gender_Transportation_warehousing_utilities,Gender_Information,Gender_Finance_insurance_realestate_rental_leasing,Gender_Professional_scientific_management_administrative_waste_management_services,Gender_Educationalservices_healthcare_socialassistance,Gender_Arts_entertainment_recreation_accommodation_foodservices,Gender_Otherservices_except_Public_administration,Gender_Public_administration
2019,AK,9991,14882,8132,5319,22665,19442,5530,9426,19300,53473,14891,9902,33387,128104,7948,13219,6010,4172,13468,14220,3422,4136,11071,17242,7888,5627,19681,98236,2043,1663,2122,1147,9197,5222,2108,5290,8229,36231,7003,4275,13706,Male,Male,Male,Male,Male,Male,Male,Female,Male,Female,Male,Male,Male
2019,AL,22808,107501,266309,45583,148496,94935,25360,95782,150312,339972,81362,65226,103785,869308,20169,96986,196927,34686,82065,75196,15081,38366,92609,81785,38546,37213,59679,678123,2639,10515,69382,10897,66431,19739,10279,57416,57703,258187,42816,28013,44106,Male,Male,Male,Male,Male,Male,Male,Female,Male,Female,Female,Male,Male
2019,AR,27392,65651,155752,27386,117034,62334,15892,49296,70056,227047,49049,37978,52045,532747,24134,60450,112159,20366,66150,48465,9911,20665,41377,55118,24474,22306,27172,424165,3258,5201,43593,7020,50884,13869,5981,28631,28679,171929,24575,15672,24873,Male,Male,Male,Male,Male,Male,Male,Female,Male,Female,Female,Male,Male
2019,AZ,31518,169726,188125,58975,233745,129897,41599,218247,278532,458323,166118,90423,136477,1265531,25431,153176,139417,44235,135017,98626,26911,102886,174379,138762,93642,51965,81084,936174,6087,16550,48708,14740,98728,31271,14688,115361,104153,319561,72476,38458,55393,Male,Male,Male,Male,Male,Male,Male,Female,Male,Female,Male,Male,Male
2019,CA,256482,875304,1430657,428791,1161162,756485,409026,879915,1872097,2416879,957942,570978,699076,7486129,202329,797713,1002340,297378,684952,582167,269700,438842,1190803,764996,554724,315212,384973,5228665,54153,77591,428317,131413,476210,174318,139326,441073,681294,1651883,403218,255766,314103,Male,Male,Male,Male,Male,Male,Male,Female,Male,Female,Male,Male,Male
2019,CO,52235,181519,164956,59328,191904,104234,65271,162740,303210,394875,148106,86355,120248,1192073,42641,164187,122759,43620,112727,82115,42278,79887,187968,114991,83987,46468,68445,842908,9594,17332,42197,15708,79177,22119,22993,82853,115242,279884,64119,39887,51803,Male,Male,Male,Male,Male,Male,Male,Female,Male,Female,Male,Male,Male
2019,CT,4852,79360,164396,37412,105648,55474,30118,138183,149257,298979,67104,48255,56873,700574,3272,72905,117622,27137,63252,42565,19149,74200,93946,89121,38858,24746,33801,535337,1580,6455,46774,10275,42396,12909,10969,63983,55311,209858,28246,23509,23072,Male,Male,Male,Male,Male,Male,Male,Male,Male,Female,Male,Male,Male
2019,DC,397,7844,3972,1589,9445,8148,11407,21192,71734,46796,22442,27595,55294,144739,131,6758,2371,1083,5374,5494,6009,12625,39374,15164,12081,10760,27515,143116,266,1086,1601,506,4071,2654,5398,8567,32360,31632,10361,16835,27779,Female,Male,Male,Male,Male,Male,Male,Male,Male,Female,Male,Female,Female
2019,DE,4016,25149,32215,7481,30917,17724,5099,37143,33639,78475,19836,11805,22330,176709,3109,23039,22421,5392,17673,14160,3105,17100,19339,20846,11297,7218,12010,149120,907,2110,9794,2089,13244,3564,1994,20043,14300,57629,8539,4587,10320,Male,Male,Male,Male,Male,Male,Male,Female,Male,Female,Male,Male,Male
2019,FL,63404,564036,408416,207438,736716,416065,131606,594994,909009,1417139,645585,303268,362231,3755211,48798,504883,293298,147137,417462,321335,85592,279858,540002,385847,359878,164643,206478,3004696,14606,59153,115118,60301,319254,94730,46014,315136,369007,1031292,285707,138625,155753,Male,Male,Male,Male,Male,Male,Male,Female,Male,Female,Male,Male,Male
2019,GA,40005,250748,446683,113754,341050,256233,91613,249172,444794,710710,219519,147196,210259,1948018,32929,228796,308596,79503,188642,191395,55521,112930,268137,172073,111048,82613,115835,1573718,7076,21952,138087,34251,152408,64838,36092,136242,176657,538637,108471,64583,94424,Male,Male,Male,Male,Male,Male,Male,Female,Male,Female,Male,Male,Male
2019,HI,6903,38838,15838,12200,48704,30657,7468,35699,50073,97158,71345,19219,53808,264699,4504,34526,10857,8406,23065,20670,4621,16569,31102,29126,38157,9482,33614,223211,2399,4312,4981,3794,25639,9987,2847,19130,18971,68032,33188,9737,20194,Male,Male,Male,Male,Female,Male,Male,Female,Male,Female,Male,Female,Male
2019,IA,47403,80987,210689,39489,105945,64388,17570,105275,84798,251278,49156,41656,43348,654485,41944,74950,154458,31106,60288,52419,9060,45282,48997,62306,25105,24626,23944,487497,5459,6037,56231,8383,45657,11969,8510,59993,35801,188972,24051,17030,19404,Male,Male,Male,Male,Male,Male,Male,Female,Male,Female,Male,Male,Male
2019,ID,29081,46472,65652,18291,59910,29365,8304,31915,52739,108671,30509,21131,34193,326379,25365,42693,49820,13877,34914,24333,4994,14186,33602,32815,16027,13080,20673,209854,3716,3779,15832,4414,24996,5032,3310,17729,19137,75856,14482,8051,13520,Male,Male,Male,Male,Male,Male,Male,Female,Male,Female,Male,Male,Male
2019,IL,50445,240178,654223,159910,382588,312734,85591,383240,562744,934888,269064,181383,197255,2510781,43782,219765,467434,110926,218191,240250,51334,191116,337135,259958,152617,101383,116890,1903462,6663,20413,186789,48984,164397,72484,34257,192124,225609,674930,116447,80000,80365,Male,Male,Male,Male,Male,Male,Male,Female,Male,Female,Male,Male,Male
2019,IN,32340,142181,528817,68766,204883,139836,34702,136463,191888,473783,117630,87527,95463,1300080,28222,129958,386843,50803,113250,108343,20763,57302,115237,124821,57410,53014,54114,954199,4118,12223,141974,17963,91633,31493,13939,79161,76651,348962,60220,34513,41349,Male,Male,Male,Male,Male,Male,Male,Female,Male,Female,Female,Male,Male
2019,KS,36067,71449,156704,33983,91259,57413,21920,72773,102141,236506,51704,38727,57481,592520,32036,64953,117760,25926,51599,46426,13492,32674,62736,63165,26371,22398,32984,435607,4031,6496,38944,8057,39660,10987,8428,40099,39405,173341,25333,16329,24497,Male,Male,Male,Male,Male,Male,Male,Female,Male,Female,Male,Male,Male
2019,KY,32426,87676,248021,40573,135453,94626,23009,91318,116818,328268,74679,54814,74778,788312,28779,80805,183538,30156,75091,72374,13813,39327,68683,83099,38341,32599,41707,614147,3647,6871,64483,10417,60362,22252,9196,51991,48135,245169,36338,22215,33071,Male,Male,Male,Male,Male,Male,Male,Female,Male,Female,Male,Male,Male
2019,LA,60484,129317,135005,43064,144260,90583,23324,84821,133784,351174,111133,62613,95236,803878,53293,116201,110495,32763,75187,72160,14061,33501,77994,78141,52426,35522,52134,660920,7191,13116,24510,10301,69073,18423,9263,51320,55790,273033,58707,27091,43102,Male,Male,Male,Male,Male,Male,Male,Female,Male,Female,Female,Male,Male
2019,MA,8158,153874,274843,65010,200836,102655,63047,220359,376155,635011,140237,92848,118654,1378568,6093,141792,193991,46808,122607,80643,38465,115024,235341,197117,80183,47442,73062,1073119,2065,12082,80852,18202,78229,22012,24582,105335,140814,437894,60054,45406,45592,Male,Male,Male,Male,Male,Male,Male,Male,Male,Female,Male,Male,Male
2019,MD,9924,170929,118005,45016,167513,113667,48673,154153,378057,498607,127757,110742,308327,1222172,7965,153879,83832,33465,96757,87124,29691,74607,227185,141552,70038,55165,160912,1029198,1959,17050,34173,11551,70756,26543,18982,79546,150872,357055,57719,55577,147415,Male,Male,Male,Male,Male,Male,Male,Female,Male,Female,Male,Female,Male
2019,ME,10228,34151,50332,11635,49815,20078,8386,34848,42861,121404,22998,17464,24168,249436,8746,31769,40195,9218,29313,15878,4827,13848,24899,34462,11600,10323,14358,198932,1482,2382,10137,2417,20502,4200,3559,21000,17962,86942,11398,7141,9810,Male,Male,Male,Male,Male,Male,Male,Female,Male,Female,Male,Male,Male
2019,MI,36752,176952,747810,89918,277975,155506,44150,200475,309313,673658,178161,122628,131216,1816181,30665,162179,558554,67389,157303,117699,26974,86742,188085,182183,93720,72511,72177,1328333,6087,14773,189256,22529,120672,37807,17176,113733,121228,491475,84441,50117,59039,Male,Male,Male,Male,Male,Male,Male,Female,Male,Female,Male,Male,Male
2019,MN,47404,130633,346810,71791,185073,103518,36853,177560,215947,445676,101439,76584,87875,1160867,41216,119567,248837,53080,107758,81617,22559,84965,130344,126581,55854,43273,45216,866296,6188,11066,97973,18711,77315,21901,14294,92595,85603,319095,45585,33311,42659,Male,Male,Male,Male,Male,Male,Male,Female,Male,Female,Male,Male,Male
2019,MO,37108,139591,291400,65767,204667,126603,42507,170436,210057,483886,119363,84649,110005,1153694,32048,127740,212476,47684,116052,100215,24802,74946,120401,125804,63352,49369,58805,932345,5060,11851,78924,18083,88615,26388,17705,95490,89656,358082,56011,35280,51200,Male,Male,Male,Male,Male,Male,Male,Female,Male,Female,Male,Male,Male
2019,MS,22875,62432,142081,25233,88364,62544,11491,46152,58268,229360,59512,36920,58331,490794,20611,58063,101436,18845,48807,49988,7161,17663,34523,51188,27498,22844,32167,412769,2264,4369,40645,6388,39557,12556,4330,28489,23745,178172,32014,14076,26164,Male,Male,Male,Male,Male,Male,Male,Female,Male,Female,Female,Male,Male
2019,MT,26443,30291,20006,9889,38595,20600,6110,22944,29330,79383,26069,14541,26887,200971,21968,27836,15826,7819,22780,16524,3264,8507,17572,22259,13330,8610,14676,150117,4475,2455,4180,2070,15815,4076,2846,14437,11758,57124,12739,5931,12211,Male,Male,Male,Male,Male,Male,Male,Female,Male,Female,Male,Male,Male
2019,NC,41670,253583,507740,99060,324114,177992,64618,258419,378854,744737,211662,140887,178828,1886540,34849,231653,352698,71050,182372,136412,41426,121609,226599,189856,110707,82557,104752,1495624,6821,21930,155042,28010,141742,41580,23192,136810,152255,554881,100955,58330,74076,Male,Male,Male,Male,Male,Male,Male,Female,Male,Female,Male,Male,Male
2019,ND,30509,22606,23338,12618,28192,17184,3525,18851,19003,65434,14225,11302,16941,167590,27502,20503,18193,10334,16232,14083,2209,7302,10713,16515,7501,7003,9500,116138,3007,2103,5145,2284,11960,3101,1316,11549,8290,48919,6724,4299,7441,Male,Male,Male,Male,Male,Male,Male,Female,Male,Female,Male,Male,Male
2019,NE,35225,54936,89114,23586,66523,48658,13681,63496,64225,161186,32311,28676,35342,412464,31601,50868,64642,18758,37581,39888,8343,28265,38548,41717,16866,16700,18687,304495,3624,4068,24472,4828,28942,8770,5338,35231,25677,119469,15445,11976,16655,Male,Male,Male,Male,Male,Male,Male,Female,Male,Female,Male,Male,Male
2019,NH,3596,37849,81033,16580,50959,21798,11287,37099,59847,112892,28036,18470,23671,289976,2777,35067,58139,12176,31052,16633,6744,16924,39072,30780,15040,11260,14312,213141,819,2782,22894,4404,19907,5165,4543,20175,20775,82112,12996,7210,9359,Male,Male,Male,Male,Male,Male,Male,Female,Male,Female,Male,Male,Male
2019,NJ,10872,200336,311937,124137,286094,211406,95847,318268,455662,677971,180296,119120,163361,1808033,7739,183962,202668,83958,167716,164304,62744,182182,282435,196924,107097,66307,99997,1347274,3133,16374,109269,40179,118378,47102,33103,136086,173227,481047,73199,52813,63364,Male,Male,Male,Male,Male,Male,Male,Male,Male,Female,Male,Male,Male
2019,NM,29974,48652,29260,13918,62178,30036,9457,33010,75948,153364,49219,28496,60159,350910,25787,44882,22269,10882,35369,24014,5638,14565,47176,43709,25114,16640,34865,272761,4187,3770,6991,3036,26809,6022,3819,18445,28772,109655,24105,11856,25294,Male,Male,Male,Male,Male,Male,Male,Female,Male,Female,Male,Male,Male
2019,NV,17757,75569,53384,24016,101248,64273,15514,59751,109960,154578,224309,41627,51825,567412,15187,68345,39288,16565,54396,49609,9979,27443,66060,45302,123116,22445,29677,426399,2570,7224,14096,7451,46852,14664,5535,32308,43900,109276,101193,19182,22148,Male,Male,Male,Male,Male,Male,Male,Female,Male,Female,Male,Male,Male
2019,NY,38471,408752,479676,181016,558259,408077,210121,639114,851292,1772809,476791,289776,385744,3719822,31270,374534,339397,126993,335840,326205,123035,366157,502509,519345,297017,147994,229526,2980076,7201,34218,140279,54023,222419,81872,87086,272957,348783,1253464,179774,141782,156218,Male,Male,Male,Male,Male,Male,Male,Male,Male,Female,Male,Male,Male
2019,OH,40952,221852,743674,124597,375871,226002,64315,298721,384384,894803,203008,144103,185600,2211266,34922,201123,554831,90127,209463,176715,38436,138141,233622,235355,105458,84097,108976,1696616,6030,20729,188843,34470,166408,49287,25879,160580,150762,659448,97550,60006,76624,Male,Male,Male,Male,Male,Male,Male,Female,Male,Female,Male,Male,Male
2019,OK,68407,96315,145860,38010,129476,79033,22476,78047,110113,284356,87166,58876,99348,740563,56568,88775,114163,28433,71980,63741,13671,30761,65368,72135,42290,34664,58014,556920,11839,7540,31697,9577,57496,15292,8805,47286,44745,212221,44876,24212,41334,Male,Male,Male,Male,Male,Male,Male,Female,Male,Female,Female,Male,Male
2019,OR,42332,89967,190242,45283,137099,65832,24576,83944,153095,278806,85934,50591,75935,767692,33926,80538,143612,33515,79829,49846,15140,38559,93887,84082,47239,27946,39573,555944,8406,9429,46630,11768,57270,15986,9436,45385,59208,194724,38695,22645,36362,Male,Male,Male,Male,Male,Male,Male,Female,Male,Female,Male,Male,Male
2019,PA,64185,270528,633868,140356,398240,267885,78061,335725,481731,1095112,221592,174891,217258,2475931,54313,247503,468094,102544,229306,211062,49367,158157,295078,311066,119973,102461,127007,1903501,9872,23025,165774,37812,168934,56823,28694,177568,186653,784046,101619,72430,90251,Male,Male,Male,Male,Male,Male,Male,Female,Male,Female,Male,Male,Male
2019,PR,6239,33555,73692,23153,70787,29104,12717,46604,64671,167723,42986,29570,78456,369337,5332,30658,45911,17141,40976,22821,8104,19407,41751,47577,26682,20228,42749,309920,907,2897,27781,6012,29811,6283,4613,27197,22920,120146,16304,9342,35707,Male,Male,Male,Male,Male,Male,Male,Female,Male,Female,Male,Male,Male
2019,RI,1409,20866,47797,10266,35199,14805,6186,29525,37388,91843,23944,14040,19151,197163,1110,19268,32952,7584,21671,11966,4043,14265,23457,27363,13120,7999,12365,155256,299,1598,14845,2682,13528,2839,2143,15260,13931,64480,10824,6041,6786,Male,Male,Male,Male,Male,Male,Male,Female,Male,Female,Male,Male,Male
2019,SC,15865,121335,270736,45840,161476,94377,29346,107929,167491,347193,111895,70015,89258,901320,13336,109473,195440,33260,86397,72928,15777,45950,98577,82105,56141,41810,50126,731436,2529,11862,75296,12580,75079,21449,13569,61979,68914,265088,55754,28205,39132,Male,Male,Male,Male,Male,Male,Male,Female,Male,Female,Male,Male,Male
2019,SD,22393,23327,37488,10590,29664,15616,4790,26650,20309,70618,18725,12608,17783,178406,20093,21611,27415,8647,17522,12630,2704,11387,11717,18221,9468,7321,9670,132155,2300,1716,10073,1943,12142,2986,2086,15263,8592,52397,9257,5287,8113,Male,Male,Male,Male,Male,Male,Male,Female,Male,Female,Male,Male,Male
2019,TN,22135,154397,352988,68356,222442,160234,40400,149864,223455,496854,144617,92261,115669,1254982,18770,141374,254264,49173,123225,120073,24705,63736,130115,133550,76757,54086,65154,988690,3365,13023,98724,19183,99217,40161,15695,86128,93340,363304,67860,38175,50515,Male,Male,Male,Male,Male,Male,Male,Female,Male,Female,Male,Male,Male
2019,TX,332994,905616,980836,323808,953430,625942,180627,734521,1147659,2038011,626624,434012,481294,5689311,273653,830236,738763,235338,541873,487957,117359,337312,711079,552756,332631,251070,279284,4076063,59341,75380,242073,88470,411557,137985,63268,397209,436580,1485255,293993,182942,202010,Male,Male,Male,Male,Male,Male,Male,Female,Male,Female,Male,Male,Male
2019,UT,20989,84168,128719,29718,101765,55913,21729,79189,131750,186840,55516,39060,61435,629236,17615,78365,95802,22299,61936,43906,14980,41910,89783,69286,30312,24905,38137,367555,3374,5803,32917,7419,39829,12007,6749,37279,41967,117554,25204,14155,23298,Male,Male,Male,Male,Male,Male,Male,Male,Male,Female,Male,Male,Male
2019,VA,27069,213291,256671,61570,252023,142427,62605,217469,501900,620689,172847,140455,333115,1670943,22755,190986,187933,45267,141506,110038,39804,99784,309174,163637,89509,71376,199174,1331188,4314,22305,68738,16303,110517,32389,22801,117685,192726,457052,83338,69079,133941,Male,Male,Male,Male,Male,Male,Male,Female,Male,Female,Male,Male,Male
2019,VT,5865,16302,28772,5748,21817,7806,3923,12218,20659,59352,15516,8002,12908,121009,4764,14873,20884,4517,12629,6033,2289,4972,12729,18196,8307,4480,6336,97879,1101,1429,7888,1231,9188,1773,1634,7246,7930,41156,7209,3522,6572,Male,Male,Male,Male,Male,Male,Male,Female,Male,Female,Male,Male,Female
2019,WA,59235,180130,302582,81724,259342,146428,60074,149320,347670,474693,149580,94240,156724,1454187,46910,161271,230885,59259,150231,112049,40809,70573,222666,140896,79132,50359,89147,1007555,12325,18859,71697,22465,109111,34379,19265,78747,125004,333797,70448,43881,67577,Male,Male,Male,Male,Male,Male,Male,Female,Male,Female,Male,Male,Male
2019,WI,49302,129320,474400,65986,190207,104298,35403,149263,179037,431549,102937,74026,87260,1186451,40876,118557,344326,47453,106450,80147,21077,62078,106923,113465,55485,41814,47800,886537,8426,10763,130074,18533,83757,24151,14326,87185,72114,318084,47452,32212,39460,Male,Male,Male,Male,Male,Male,Male,Female,Male,Female,Male,Male,Male
2019,WV,23897,35539,50846,13416,56984,32751,7893,24263,42335,143709,31119,20202,44769,300397,21954,32473,40868,11191,32504,27724,5094,9897,26321,38243,15589,13307,25232,227326,1943,3066,9978,2225,24480,5027,2799,14366,16014,105466,15530,6895,19537,Male,Male,Male,Male,Male,Male,Male,Female,Male,Female,Male,Male,Male
2019,WY,25147,15586,9004,4429,18289,12936,2680,8378,11851,42512,13573,7323,14245,110575,21879,14314,7658,3539,9492,10830,1715,2528,6951,12590,7204,4601,7274,75378,3268,1272,1346,890,8797,2106,965,5850,4900,29922,6369,2722,6971,Male,Male,Male,Male,Male,Male,Male,Female,Male,Female,Male,Male,Male
2020,AK,9356,14933,7705,4972,21574,21114,5057,10075,18855,52808,13968,9662,32793,125700,7419,12927,5819,3780,12975,15469,3331,4151,10966,16999,7743,5947,18174,97172,1937,2006,1886,1192,8599,5645,1726,5924,7889,35809,6225,3715,14619,Male,Male,Male,Male,Male,Male,Male,Female,Male,Female,Male,Male,Male
2020,AL,23835,111740,266102,45552,152205,96606,25261,97836,152387,348647,81047,64537,107306,880630,20962,100788,196327,33764,83529,75529,15457,38357,94692,83744,38756,37996,60729,692431,2873,10952,69775,11788,68676,21077,9804,59479,57695,264903,42291,26541,46577,Male,Male,Male,Male,Male,Male,Male,Female,Male,Female,Female,Male,Male
2020,AR,26646,70469,153535,27654,117055,64620,14262,51795,72276,231256,48245,39215,51411,535788,23251,64859,109348,20287,65675,49758,8866,20690,42854,55985,24047,23813,26355,432651,3395,5610,44187,7367,51380,14862,5396,31105,29422,175271,24198,15402,25056,Male,Male,Male,Male,Male,Male,Male,Female,Male,Female,Female,Male,Male
2020,AZ,30052,180001,194383,60865,237880,135395,42757,229589,291109,477040,161373,90494,142163,1302386,24159,161799,144110,46258,137879,101590,27973,109724,177679,144923,90502,52017,83773,970715,5893,18202,50273,14607,100001,33805,14784,119865,113430,332117,70871,38477,58390,Male,Male,Male,Male,Male,Male,Male,Female,Male,Female,Male,Male,Male
2020,CA,247629,895435,1418940,418173,1159165,779944,412248,884245,1914277,2481274,927574,559223,722048,7512467,194904,813212,995685,290494,679979,596011,267455,441099,1205490,784963,537646,306996,398533,5307708,52725,82223,423255,127679,479186,183933,144793,443146,708787,1696311,389928,252227,323515,Male,Male,Male,Male,Male,Male,Male,Female,Male,Female,Male,Male,Male
2020,CO,50993,183226,167425,57948,190546,107078,63230,170607,306426,408487,145745,84975,119071,1197603,41901,164550,123999,42336,112954,84082,41883,83537,187617,119244,82810,44678,68012,858154,9092,18676,43426,15612,77592,22996,21347,87070,118809,289243,62935,40297,51059,Male,Male,Male,Male,Male,Male,Male,Female,Male,Female,Male,Male,Male
2020,CT,4826,80792,164096,36102,103497,56290,27699,139761,153702,300542,66356,46429,57064,697031,3281,74407,117229,26065,62045,42582,17168,74482,95369,87416,38453,24189,34345,540125,1545,6385,46867,10037,41452,13708,10531,65279,58333,213126,27903,22240,22719,Male,Male,Male,Male,Male,Male,Male,Male,Male,Female,Male,Male,Male
2020,DC,416,8006,3575,1890,9933,9202,11639,20798,75060,47443,20479,28606,57644,146269,149,6499,2069,1437,5256,6529,5874,12041,40147,16308,10740,11287,27933,148422,267,1507,1506,453,4677,2673,5765,8757,34913,31135,9739,17319,29711,Female,Male,Male,Male,Male,Male,Male,Male,Male,Female,Male,Female,Female
2020,DE,3645,24976,32050,7650,30820,19516,4432,37001,33392,79847,18158,11442,23033,176114,2731,22678,22057,5389,17814,15267,2710,17025,19601,21534,10340,6805,12163,149848,914,2298,9993,2261,13006,4249,1722,19976,13791,58313,7818,4637,10870,Male,Male,Male,Male,Male,Male,Male,Female,Male,Female,Male,Male,Male
2020,FL,58249,595859,417952,209846,740968,434206,131370,602735,946324,1459145,630721,310521,375827,3843034,45313,529517,301240,149641,420250,333649,84218,284711,563015,399639,349319,169744,212778,3070689,12936,66342,116712,60205,320718,100557,47152,318024,383309,1059506,281402,140777,163049,Male,Male,Male,Male,Male,Male,Male,Female,Male,Female,Male,Male,Male
2020,GA,41142,256723,446684,115220,342825,259986,91244,258766,470097,731565,217600,146628,211645,1977731,33467,232559,308230,81128,188657,193215,55858,116937,281681,178059,110684,81414,115842,1612394,7675,24164,138454,34092,154168,66771,35386,141829,188416,553506,106916,65214,95803,Male,Male,Male,Male,Male,Male,Male,Female,Male,Female,Male,Male,Male
2020,HI,6549,37271,15610,11625,47520,31616,7216,35336,49547,100248,68478,18502,52973,260481,4294,33035,11125,7925,22288,21718,4266,15614,30989,30145,37987,8566,32529,222010,2255,4236,4485,3700,25232,9898,2950,19722,18558,70103,30491,9936,20444,Male,Male,Male,Male,Female,Male,Male,Female,Male,Female,Male,Female,Male
2020,IA,47732,81282,206532,39417,105143,64617,16652,106988,86714,251847,48050,43616,43209,652357,41810,74874,151780,30944,60320,52178,8731,45614,50264,62609,23849,25742,23642,489442,5922,6408,54752,8473,44823,12439,7921,61374,36450,189238,24201,17874,19567,Male,Male,Male,Male,Male,Male,Male,Female,Male,Female,Female,Male,Male
2020,ID,28796,50400,66746,17934,60237,31104,8425,35361,54653,113218,29368,21981,35051,337186,24718,46200,50325,14147,34789,25776,5392,15638,35075,35011,15648,13975,20492,216088,4078,4200,16421,3787,25448,5328,3033,19723,19578,78207,13720,8006,14559,Male,Male,Male,Male,Male,Male,Male,Female,Male,Female,Male,Male,Male
2020,IL,49585,246256,637605,156299,381839,314787,82888,389346,577313,954141,258293,182813,199438,2505560,43163,224095,457032,106825,217059,241096,49585,193598,343498,265481,145598,102612,115918,1925043,6422,22161,180573,49474,164780,73691,33303,195748,233815,688660,112695,80201,83520,Male,Male,Male,Male,Male,Male,Male,Female,Male,Female,Male,Male,Male
2020,IN,31511,147992,520772,67229,207145,145531,32277,134792,195017,486285,115502,88102,96814,1302717,27342,134452,380549,49530,114578,111610,19162,56921,115927,128505,56380,53426,54335,966252,4169,13540,140223,17699,92567,33921,13115,77871,79090,357780,59122,34676,42479,Male,Male,Male,Male,Male,Male,Male,Female,Male,Female,Female,Male,Male
2020,KS,35971,71495,158316,33639,93147,58906,20943,75397,102388,237755,51021,38855,57673,592959,31853,65005,117598,26085,52369,46954,12520,34480,63101,62606,25376,21636,33376,442547,4118,6490,40718,7554,40778,11952,8423,40917,39287,175149,25645,17219,24297,Male,Male,Male,Male,Male,Male,Male,Female,Male,Female,Female,Male,Male
2020,KY,29864,91132,245973,40975,136329,97923,23363,94927,121272,332878,72861,54182,74953,794088,26149,82923,182389,30573,77570,75248,14060,40109,70264,84261,37430,31874,41238,622544,3715,8209,63584,10402,58759,22675,9303,54818,51008,248617,35431,22308,33715,Male,Male,Male,Male,Male,Male,Male,Female,Male,Female,Male,Male,Male
2020,LA,58536,126626,134139,43654,142241,90811,22770,83148,135233,359698,106921,63510,95109,800266,51771,113325,110615,32889,74271,72410,13250,32429,81315,79990,50605,36054,51342,662130,6765,13301,23524,10765,67970,18401,9520,50719,53918,279708,56316,27456,43767,Male,Male,Male,Male,Male,Male,Male,Female,Male,Female,Female,Male,Male
2020,MA,8750,155399,276715,65389,198663,104714,62741,221640,391417,644153,133143,91552,119772,1382162,6655,142700,193079,46441,120362,82236,37983,117242,240988,198170,76050,47271,72985,1091886,2095,12699,83636,18948,78301,22478,24758,104398,150429,445983,57093,44281,46787,Male,Male,Male,Male,Male,Male,Male,Male,Male,Female,Male,Male,Male
2020,MD,10295,177010,120164,45193,165117,113906,47333,155477,378910,500640,121317,110034,310342,1222739,8097,157859,84351,33503,95289,87150,28946,75226,227565,141460,66199,55188,161906,1032999,2198,19151,35813,11690,69828,26756,18387,80251,151345,359180,55118,54846,148436,Male,Male,Male,Male,Male,Male,Male,Female,Male,Female,Male,Male,Male
2020,ME,10263,34999,49611,11708,49885,20555,7881,35884,44117,123483,22754,17633,25714,251661,8782,32649,39195,9281,29153,16453,4276,14696,25737,34779,11747,10128,14785,202826,1481,2350,10416,2427,20732,4102,3605,21188,18380,88704,11007,7505,10929,Male,Male,Male,Male,Male,Male,Male,Female,Male,Female,Male,Male,Male
2020,MI,36023,182646,737683,89603,278776,155757,42834,207063,314352,680484,170539,120779,133684,1806440,29754,166606,549892,66848,156594,117292,25639,88065,189925,184196,89831,70519,71279,1343783,6269,16040,187791,22755,122182,38465,17195,118998,124427,496288,80708,50260,62405,Male,Male,Male,Male,Male,Male,Male,Female,Male,Female,Male,Male,Male
2020,MN,46737,132081,346633,70903,181604,102885,35455,180409,221100,453770,97278,75428,91568,1163260,40438,120054,247629,52275,107930,80500,22050,86872,133344,128333,53227,43342,47266,872591,6299,12027,99004,18628,73674,22385,13405,93537,87756,325437,44051,32086,44302,Male,Male,Male,Male,Male,Male,Male,Female,Male,Female,Male,Male,Male
2020,MO,37000,143079,291341,66695,203886,131441,41118,175983,212016,489660,116001,85170,113109,1159999,31612,130874,210975,48353,114644,102183,23592,76855,122514,126561,63275,48163,60398,946500,5388,12205,80366,18342,89242,29258,17526,99128,89502,363099,52726,37007,52711,Male,Male,Male,Male,Male,Male,Male,Female,Male,Female,Male,Male,Male
2020,MS,21196,64590,141594,24853,88547,65008,11295,45067,60155,235875,57573,37504,57949,492006,18572,59208,101435,18577,49929,51312,7330,17536,34775,52803,26739,23022,30768,419200,2624,5382,40159,6276,38618,13696,3965,27531,25380,183072,30834,14482,27181,Male,Male,Male,Male,Male,Male,Male,Female,Male,Female,Female,Male,Male
2020,MT,26281,30396,21428,9270,40794,20612,5853,22141,30698,79402,24716,14550,25864,202632,21775,27990,16799,7387,24169,16779,3224,8490,18251,22868,13169,8258,13473,149373,4506,2406,4629,1883,16625,3833,2629,13651,12447,56534,11547,6292,12391,Male,Male,Male,Male,Male,Male,Male,Female,Male,Female,Male,Male,Male
2020,NC,41706,259168,502450,100794,330937,183024,65737,269955,398924,758741,207428,145092,178718,1911543,34488,235073,346729,72315,184672,139559,42026,127048,236064,194636,108962,86143,103828,1531131,7218,24095,155721,28479,146265,43465,23711,142907,162860,564105,98466,58949,74890,Male,Male,Male,Male,Male,Male,Male,Female,Male,Female,Male,Male,Male
2020,ND,29785,22382,22700,11306,27772,17548,3772,18933,19049,67470,14142,11231,16725,166167,26579,19879,17305,9231,16486,14587,2321,7620,10802,17287,7677,7151,9242,116648,3206,2503,5395,2075,11286,2961,1451,11313,8247,50183,6465,4080,7483,Male,Male,Male,Male,Male,Male,Male,Female,Male,Female,Male,Male,Male
2020,NE,35392,54643,89197,22389,64379,48605,13382,65133,64944,162363,30505,29257,36645,410776,31437,50407,64589,17516,37210,39908,8194,28702,38538,41838,16083,16876,19478,306058,3955,4236,24608,4873,27169,8697,5188,36431,26406,120525,14422,12381,17167,Male,Male,Male,Male,Male,Male,Male,Female,Male,Female,Male,Male,Male
2020,NH,3608,38707,81240,16251,51297,21021,10842,37685,61144,114771,27953,18397,24674,291954,2721,35778,58105,11884,30256,15948,6469,17123,40163,32135,15016,11495,14861,215636,887,2929,23135,4367,21041,5073,4373,20562,20981,82636,12937,6902,9813,Male,Male,Male,Male,Male,Male,Male,Female,Male,Female,Male,Male,Male
2020,NJ,10268,200275,310778,121299,279831,218530,93646,320019,462640,690953,170474,115286,169514,1805648,7264,183169,201097,82273,165003,168276,61120,183875,283710,202602,101047,62264,103948,1357865,3004,17106,109681,39026,114828,50254,32526,136144,178930,488351,69427,53022,65566,Male,Male,Male,Male,Male,Male,Male,Male,Male,Female,Male,Male,Male
2020,NM,29122,50706,28987,12443,61473,30359,9183,33439,76795,155711,47163,29808,60715,350667,24798,46633,22081,9424,35574,24543,5845,14024,46987,43820,24448,18174,34316,275237,4324,4073,6906,3019,25899,5816,3338,19415,29808,111891,22715,11634,26399,Male,Male,Male,Male,Male,Male,Male,Female,Male,Female,Male,Male,Male
2020,NV,16489,80424,55765,24536,104482,66009,16129,60396,115772,161808,210917,42100,52822,573283,13978,72066,40757,17377,56983,50222,10414,26309,69290,47516,115082,23699,29590,434366,2511,8358,15008,7159,47499,15787,5715,34087,46482,114292,95835,18401,23232,Male,Male,Male,Male,Male,Male,Male,Female,Male,Female,Male,Male,Male
2020,NY,39414,402723,473022,170734,538776,400230,205241,642405,866204,1802531,448402,282273,395541,3685679,32246,367360,334740,119276,321217,320192,118191,364015,516719,534788,278560,143592,234783,2981817,7168,35363,138282,51458,217559,80038,87050,278390,349485,1267743,169842,138681,160758,Male,Male,Male,Male,Male,Male,Male,Male,Male,Female,Male,Male,Male
2020,OH,39300,231247,728902,121477,373292,232838,63217,300086,393194,906652,198949,143382,190291,2211559,33316,208865,542384,88401,207795,180263,38062,135926,240899,236679,102768,84797,111404,1711268,5984,22382,186518,33076,165497,52575,25155,164160,152295,669973,96181,58585,78887,Male,Male,Male,Male,Male,Male,Male,Female,Male,Female,Male,Male,Male
2020,OK,63657,98031,147135,39187,129398,80396,21149,78423,110802,288447,85822,58487,99784,737814,52419,89897,114668,28527,71959,64717,12988,30381,65133,73963,40748,34437,57977,562904,11238,8134,32467,10660,57439,15679,8161,48042,45669,214484,45074,24050,41807,Male,Male,Male,Male,Male,Male,Male,Female,Male,Female,Female,Male,Male
2020,OR,41948,97148,190369,43991,141764,66745,24395,86004,157792,293347,84031,49690,78711,784573,33749,87345,144503,33102,83450,50630,14908,38986,95528,88472,45624,27927,40349,571362,8199,9803,45866,10889,58314,16115,9487,47018,62264,204875,38407,21763,38362,Male,Male,Male,Male,Male,Male,Male,Female,Male,Female,Male,Male,Male
2020,PA,61179,276120,624860,134666,394144,270509,76966,345122,487436,1122078,214097,176440,217380,2476236,51582,253266,461742,98191,225211,211004,48676,162349,296166,321371,115769,103444,127465,1924761,9597,22854,163118,36475,168933,59505,28290,182773,191270,800707,98328,72996,89915,Male,Male,Male,Male,Male,Male,Male,Female,Male,Female,Male,Male,Male
2020,PR,5799,33585,73286,23297,70781,29351,12979,45821,65406,165901,42288,29809,78393,369398,4960,31028,45810,17635,40107,23265,7968,18866,42714,47202,26536,20572,42735,307298,839,2557,27476,5662,30674,6086,5011,26955,22692,118699,15752,9237,35658,Male,Male,Male,Male,Male,Male,Male,Female,Male,Female,Male,Male,Male
2020,RI,1515,23993,46765,9566,34568,15750,5669,29243,39487,93382,23391,14217,18991,198274,1140,22051,32948,7011,21117,12818,3627,13392,24052,26760,13255,8436,11667,158263,375,1942,13817,2555,13451,2932,2042,15851,15435,66622,10136,5781,7324,Male,Male,Male,Male,Male,Male,Male,Female,Male,Female,Male,Male,Male
2020,SC,15487,125008,267934,45847,162120,98735,28293,108974,173796,363087,111638,71124,91275,913850,13039,112696,193438,32299,86288,75146,15642,46607,102727,85937,57046,42686,50299,749468,2448,12312,74496,13548,75832,23589,12651,62367,71069,277150,54592,28438,40976,Male,Male,Male,Male,Male,Male,Male,Female,Male,Female,Male,Male,Male
2020,SD,22778,23350,36936,10346,30482,15200,4793,26846,20789,70506,18096,12944,19058,179248,20288,21539,26915,8412,18085,11991,2592,11331,11642,18497,9592,7715,10649,132876,2490,1811,10021,1934,12397,3209,2201,15515,9147,52009,8504,5229,8409,Male,Male,Male,Male,Male,Male,Male,Female,Male,Female,Male,Male,Male
2020,TN,22119,161016,351497,66483,224938,165165,40060,154997,229012,509755,144025,93080,117409,1271475,18860,146984,252118,47784,125349,123422,24260,65637,133662,137675,75076,54710,65938,1008081,3259,14032,99379,18699,99589,41743,15800,89360,95350,372080,68949,38370,51471,Male,Male,Male,Male,Male,Male,Male,Female,Male,Female,Male,Male,Male
2020,TX,321421,921794,990466,319571,959450,642584,179654,758598,1188897,2099633,615479,428015,493750,5749500,263186,837591,744135,232453,549633,500175,116872,349121,728901,571576,326193,247628,282036,4169812,58235,84203,246331,87118,409817,142409,62782,409477,459996,1528057,289286,180387,211714,Male,Male,Male,Male,Male,Male,Male,Female,Male,Female,Male,Male,Male
2020,UT,18941,87307,128732,29997,104394,59246,21413,84777,137557,195675,55477,39628,63075,646302,16112,80666,95877,22741,63337,46109,14058,46748,92537,72492,30457,25340,39828,379917,2829,6641,32855,7256,41057,13137,7355,38029,45020,123183,25020,14288,23247,Male,Male,Male,Male,Male,Male,Male,Male,Male,Female,Male,Male,Male
2020,VA,26355,214228,258406,61207,247732,147327,62087,223478,521868,628608,170901,141470,336104,1690990,22109,192027,188768,44443,138618,113145,39526,102196,320659,166792,90362,73043,199302,1348781,4246,22201,69638,16764,109114,34182,22561,121282,201209,461816,80539,68427,136802,Male,Male,Male,Male,Male,Male,Male,Female,Male,Female,Male,Male,Male
2020,VT,6165,16871,28542,5167,21638,7516,3632,12658,20751,59583,14732,8340,13443,120783,4823,15386,20613,4115,12770,6032,2260,5032,12494,18477,7938,4496,6347,98255,1342,1485,7929,1052,8868,1484,1372,7626,8257,41106,6794,3844,7096,Male,Male,Male,Male,Male,Male,Male,Female,Male,Female,Male,Male,Female
2020,WA,60458,187885,296282,80532,264916,149122,62324,151838,368677,493197,147469,94662,158326,1477366,48081,167712,226231,58770,152360,114196,42711,71392,234170,143026,77768,51103,89846,1038322,12377,20173,70051,21762,112556,34926,19613,80446,134507,350171,69701,43559,68480,Male,Male,Male,Male,Male,Male,Male,Female,Male,Female,Male,Male,Male
2020,WI,48337,132040,468615,66827,189776,106764,35561,150484,186263,434741,101313,74160,87837,1187341,40004,120723,338350,48910,105990,81176,21370,62204,109773,112632,56211,42395,47603,895377,8333,11317,130265,17917,83786,25588,14191,88280,76490,322109,45102,31765,40234,Male,Male,Male,Male,Male,Male,Male,Female,Male,Female,Male,Male,Male
2020,WV,22195,36082,51602,12377,57558,35215,8651,25042,42760,145733,30041,19549,45096,301261,20632,33290,41376,10350,32733,29243,5371,10629,26281,37928,15238,13070,25120,230640,1563,2792,10226,2027,24825,5972,3280,14413,16479,107805,14803,6479,19976,Male,Male,Male,Male,Male,Male,Male,Female,Male,Female,Male,Male,Male
2020,WY,23965,15244,9266,4269,18425,13224,2582,9280,11534,43997,11637,6745,14716,109597,20709,13718,7565,3401,9990,11153,1643,2916,6951,13139,6443,4315,7654,75287,3256,1526,1701,868,8435,2071,939,6364,4583,30858,5194,2430,7062,Male,Male,Male,Male,Male,Male,Male,Female,Male,Female,Male,Male,Male
2021,AK,9547,14977,7977,4252,21434,22633,4484,10392,19554,51837,14135,9340,31828,125293,7708,12777,5999,3264,12804,16682,2929,4359,11413,16370,7753,5398,17837,97097,1839,2200,1978,988,8630,5951,1555,6033,8141,35467,6382,3942,13991,Male,Male,Male,Male,Male,Male,Male,Female,Male,Female,Male,Male,Male
2021,AL,24334,117336,269763,44562,159263,99689,23857,100903,158239,357996,83131,65980,108438,907770,21260,106372,199764,33302,88496,78246,14545,39539,98471,87905,39978,39157,60735,705721,3074,10964,69999,11260,70767,21443,9312,61364,59768,270091,43153,26823,47703,Male,Male,Male,Male,Male,Male,Male,Female,Male,Female,Female,Male,Male
2021,AR,25715,72976,150922,27768,117466,65087,13580,53150,73376,232120,47703,39250,52253,536724,22216,67211,107606,20144,65798,50548,8617,20786,43109,56605,24023,22905,27156,434642,3499,5765,43316,7624,51668,14539,4963,32364,30267,175515,23680,16345,25097,Male,Male,Male,Male,Male,Male,Male,Female,Male,Female,Male,Male,Male
2021,AZ,29925,185424,199458,60413,239131,137465,42097,232986,293645,480596,154028,89729,141360,1314736,23957,166363,148470,45876,139601,103071,27788,111811,178951,146536,86577,51970,83765,971521,5968,19061,50988,14537,99530,34394,14309,121175,114694,334060,67451,37759,57595,Male,Male,Male,Male,Male,Male,Male,Female,Male,Female,Male,Male,Male
2021,CA,249275,928837,1417075,405217,1147035,803886,411411,880428,1951349,2524805,877505,540663,736718,7555630,195090,844428,994288,281113,672398,614161,266235,437831,1226119,812027,505922,301317,404701,5318574,54185,84409,422787,124104,474637,189725,145176,442597,725230,1712778,371583,239346,332017,Male,Male,Male,Male,Male,Male,Male,Female,Male,Female,Male,Male,Male
2021,CO,49349,186775,173218,59810,189397,110693,63104,177643,321606,421156,135989,84807,123605,1223492,40074,166683,127362,43596,113055,86849,42347,88194,198533,123836,76963,45201,70799,873660,9275,20092,45856,16214,76342,23844,20757,89449,123073,297320,59026,39606,52806,Male,Male,Male,Male,Male,Male,Male,Female,Male,Female,Male,Male,Male
2021,CT,5121,82575,166200,34857,105741,58152,26631,140442,154621,306366,63303,46182,57310,703714,3606,75590,118831,24945,63851,44668,16323,74596,96087,89346,36789,24464,34618,543787,1515,6985,47369,9912,41890,13484,10308,65846,58534,217020,26514,21718,22692,Male,Male,Male,Male,Male,Male,Male,Male,Male,Female,Male,Male,Male
2021,DC,486,7143,3792,1877,9788,8185,11504,21041,76268,45370,17613,27889,58375,143433,119,5790,2328,1405,5080,6075,5895,12172,40473,15670,9275,10864,28287,145898,367,1353,1464,472,4708,2110,5609,8869,35795,29700,8338,17025,30088,Female,Male,Male,Male,Male,Male,Male,Male,Male,Female,Male,Female,Female
2021,DE,3744,25217,31356,7400,31615,19258,4251,37013,35854,80894,17512,11337,24333,178992,2905,22683,21557,5080,18752,15108,2598,16933,21670,21873,9672,7149,13012,150792,839,2534,9799,2320,12863,4150,1653,20080,14184,59021,7840,4188,11321,Male,Male,Male,Male,Male,Male,Male,Female,Male,Female,Male,Male,Male
2021,FL,57764,620949,429261,208595,747885,449739,130103,618708,983282,1496087,604511,313232,383951,3926193,44080,549051,309369,149762,422206,346305,84349,291329,586434,414751,335248,175745,217564,3117874,13684,71898,119892,58833,325679,103434,45754,327379,396848,1081336,269263,137487,166387,Male,Male,Male,Male,Male,Male,Male,Female,Male,Female,Male,Male,Male
2021,GA,41084,265743,448444,114000,348162,269812,91895,261784,490244,752737,213590,143929,212655,2017660,32717,239630,307942,81360,190041,199968,57402,119512,295856,186847,109291,81172,115922,1636419,8367,26113,140502,32640,158121,69844,34493,142272,194388,565890,104299,62757,96733,Male,Male,Male,Male,Male,Male,Male,Female,Male,Female,Male,Male,Male
2021,HI,6342,37128,15873,11622,47262,32577,6954,34660,49541,105208,62911,18135,52361,258912,4245,32923,11234,7847,22528,22227,3807,15639,30596,32415,34853,8303,32295,221662,2097,4205,4639,3775,24734,10350,3147,19021,18945,72793,28058,9832,20066,Male,Male,Male,Male,Female,Male,Male,Female,Male,Female,Male,Female,Male
2021,IA,47477,83449,209423,38559,106656,65053,15884,108056,87946,253516,46089,42952,44379,658964,41486,76981,153927,30243,61878,52148,8407,46202,50777,63832,23070,25901,24112,490475,5991,6468,55496,8316,44778,12905,7477,61854,37169,189684,23019,17051,20267,Male,Male,Male,Male,Male,Male,Male,Female,Male,Female,Male,Male,Male
2021,ID,28166,54127,69066,18639,60043,31711,8526,37494,57092,116147,29601,23060,36607,345807,24241,49260,51993,14802,34393,25821,5455,16826,36149,35434,16283,14347,20803,224472,3925,4867,17073,3837,25650,5890,3071,20668,20943,80713,13318,8713,15804,Male,Male,Male,Male,Male,Male,Male,Female,Male,Female,Male,Male,Male
2021,IL,49193,247525,638582,154179,379765,318275,82151,394630,592208,973586,250835,179654,203424,2526219,42542,224772,458780,104893,219426,243151,49487,197825,355063,269933,139902,101047,119398,1937788,6651,22753,179802,49286,160339,75124,32664,196805,237145,703653,110933,78607,84026,Male,Male,Male,Male,Male,Male,Male,Male,Male,Female,Male,Male,Male
2021,IN,31032,152870,519737,65786,209823,148693,31453,139165,201310,496991,111836,89486,99706,1322101,26625,139126,379870,48908,117537,113708,19522,59909,119079,130906,55479,54782,56650,975787,4407,13744,139867,16878,92286,34985,11931,79256,82231,366085,56357,34704,43056,Male,Male,Male,Male,Male,Male,Male,Female,Male,Female,Female,Male,Male
2021,KS,36161,71341,155108,32851,93600,61030,20071,77620,102319,243225,48818,38089,59689,595211,32140,64937,115043,25082,52895,48808,11929,35931,63260,64810,25071,21277,34028,444711,4021,6404,40065,7769,40705,12222,8142,41689,39059,178415,23747,16812,25661,Male,Male,Male,Male,Male,Male,Male,Female,Male,Female,Male,Male,Male
2021,KY,28904,92123,243333,39746,140221,98019,21790,94112,124058,337350,71093,54245,76476,796582,25158,83692,180273,29592,80228,75003,13129,40158,72953,85340,36883,32462,41711,624888,3746,8431,63060,10154,59993,23016,8661,53954,51105,252010,34210,21783,34765,Male,Male,Male,Male,Male,Male,Male,Female,Male,Female,Male,Male,Male
2021,LA,55289,125999,132628,43177,143427,88609,22109,81811,135943,364081,101878,62259,97154,797305,49174,112658,108562,33454,75601,70796,12970,33901,82358,82206,47966,35720,51939,657059,6115,13341,24066,9723,67826,17813,9139,47910,53585,281875,53912,26539,45215,Male,Male,Male,Male,Male,Male,Male,Female,Male,Female,Female,Male,Male
2021,MA,9095,159477,281188,63466,202569,107571,61581,225514,410091,656864,125345,88980,123914,1408957,6497,146112,196042,44757,124283,84590,37113,120170,251047,204323,72129,46557,75337,1106698,2598,13365,85146,18709,78286,22981,24468,105344,159044,452541,53216,42423,48577,Male,Male,Male,Male,Male,Male,Male,Male,Male,Female,Male,Male,Male
2021,MD,11036,183554,123233,45582,165406,117541,46856,157084,391015,510984,114691,109896,317030,1246744,8590,162992,86369,33633,96340,89662,29310,76042,234191,145469,62383,55675,166088,1047164,2446,20562,36864,11949,69066,27879,17546,81042,156824,365515,52308,54221,150942,Male,Male,Male,Male,Male,Male,Male,Female,Male,Female,Male,Male,Male
2021,ME,10143,37087,50516,11293,49690,21342,8433,37743,45950,125135,21719,17685,26139,256453,8511,34108,39905,8703,28863,17163,4310,15806,27124,35496,11281,9879,15304,206422,1632,2979,10611,2590,20827,4179,4123,21937,18826,89639,10438,7806,10835,Male,Male,Male,Male,Male,Male,Male,Female,Male,Female,Male,Male,Male
2021,MI,35256,184014,738065,87671,282404,159320,40633,211412,320759,685289,164509,119980,135890,1817772,28478,167887,549038,65931,159615,119759,24508,90493,194492,187236,87426,70344,72565,1347430,6778,16127,189027,21740,122789,39561,16125,120919,126267,498053,77083,49636,63325,Male,Male,Male,Male,Male,Male,Male,Female,Male,Female,Male,Male,Male
2021,MN,47102,134382,347018,70519,183145,104084,33329,181167,225282,460610,91443,75628,94211,1171762,40480,121358,247348,51784,108124,81630,20658,87682,138181,132263,49643,43818,48793,876158,6622,13024,99670,18735,75021,22454,12671,93485,87101,328347,41800,31810,45418,Male,Male,Male,Male,Male,Male,Male,Female,Male,Female,Male,Male,Male
2021,MO,36439,145562,292667,66251,204572,132069,38495,179584,216528,494542,113250,85443,113891,1170315,31088,132795,212115,47893,115247,102154,22359,79199,126070,129620,61713,47913,62149,948978,5351,12767,80552,18358,89325,29915,16136,100385,90458,364922,51537,37530,51742,Male,Male,Male,Male,Male,Male,Male,Female,Male,Female,Male,Male,Male
2021,MS,20882,66666,140289,23769,88618,66899,10928,46270,60753,237812,55060,37755,57386,493696,18290,61158,101875,18175,48895,52512,7011,17346,34488,54311,25488,23210,30937,419391,2592,5508,38414,5594,39723,14387,3917,28924,26265,183501,29572,14545,26449,Male,Male,Male,Male,Male,Male,Male,Female,Male,Female,Female,Male,Male
2021,MT,25362,32040,20749,8692,40619,20192,6063,21531,32241,80891,23669,15309,26646,204758,21232,29460,16277,7138,23950,16646,3391,8036,19549,23783,12633,8560,14103,149246,4130,2580,4472,1554,16669,3546,2672,13495,12692,57108,11036,6749,12543,Male,Male,Male,Male,Male,Male,Male,Female,Male,Female,Male,Male,Male
2021,NC,40370,266790,501843,98985,328900,187126,64302,276470,413369,762548,199326,142589,178651,1924093,33251,241055,346203,70571,183051,143076,41693,131493,245874,197202,103608,84389,102627,1537176,7119,25735,155640,28414,145849,44050,22609,144977,167495,565346,95718,58200,76024,Male,Male,Male,Male,Male,Male,Male,Female,Male,Female,Male,Male,Male
2021,ND,28847,22584,22957,10741,27058,16990,3588,19096,19223,68119,14603,11014,16750,165533,25665,20358,17533,8723,16248,14036,2195,7621,11192,18020,7865,6790,9287,116037,3182,2226,5424,2018,10810,2954,1393,11475,8031,50099,6738,4224,7463,Male,Male,Male,Male,Male,Male,Male,Female,Male,Female,Male,Male,Male
2021,NE,34547,55472,90697,22092,63647,49614,13016,68005,66571,165061,30014,29659,37996,417362,30751,50781,64993,17206,37098,41234,7985,30926,39541,43258,15900,17348,20341,309029,3796,4691,25704,4886,26549,8380,5031,37079,27030,121803,14114,12311,17655,Male,Male,Male,Male,Male,Male,Male,Female,Male,Female,Male,Male,Male
2021,NH,3438,38685,82324,15475,51700,21796,11120,38808,64339,117317,26634,18096,24690,296756,2573,35459,58865,11323,30949,16632,7010,17560,42129,33615,14527,11459,14655,217666,865,3226,23459,4152,20751,5164,4110,21248,22210,83702,12107,6637,10035,Male,Male,Male,Male,Male,Male,Male,Female,Male,Female,Male,Male,Male
2021,NJ,10698,208531,322059,121216,291088,223864,97499,334396,486343,719935,164330,120502,176568,1870755,7548,190059,209089,81773,173010,171759,62465,192775,299709,211750,97603,64700,108515,1406274,3150,18472,112970,39443,118078,52105,35034,141621,186634,508185,66727,55802,68053,Male,Male,Male,Male,Male,Male,Male,Male,Male,Female,Male,Male,Male
2021,NM,29092,50684,29355,12438,59848,31441,8775,33709,79737,156169,45152,27944,61948,352182,24773,46685,22424,9238,33727,25653,5601,14112,49358,45055,23647,17634,34275,274110,4319,3999,6931,3200,26121,5788,3174,19597,30379,111114,21505,10310,27673,Male,Male,Male,Male,Male,Male,Male,Female,Male,Female,Male,Male,Male
2021,NV,16712,84036,58700,23137,104281,69099,16013,62495,117077,167308,192375,40418,54677,574378,13932,75637,42886,17093,56522,52076,10453,27293,70285,49621,104734,23454,30392,431950,2780,8399,15814,6044,47759,17023,5560,35202,46792,117687,87641,16964,24285,Male,Male,Male,Male,Male,Male,Male,Female,Male,Female,Male,Male,Male
2021,NY,38116,414280,472847,168360,540728,410757,208285,657754,899915,1869749,430357,280946,403536,3747621,30780,377322,336431,117976,322288,327864,119236,371274,535889,561333,265568,141754,239906,3048009,7336,36958,136416,50384,218440,82893,89049,286480,364026,1308416,164789,139192,163630,Male,Male,Male,Male,Male,Male,Male,Male,Male,Female,Male,Male,Male
2021,OH,40006,241426,727075,119021,377060,239919,62568,308486,400145,917295,194476,141977,194644,2241326,33887,217486,540194,87147,209446,185008,38300,140453,246025,243553,100435,84340,115052,1722772,6119,23940,186881,31874,167614,54911,24268,168033,154120,673742,94041,57637,79592,Male,Male,Male,Male,Male,Male,Male,Female,Male,Female,Male,Male,Male
2021,OK,61097,97182,145666,37524,130816,81506,21056,79290,113387,294649,83737,57829,100161,740019,50131,88874,112703,28046,74209,65636,13223,31086,67522,75863,39458,34342,58926,563881,10966,8308,32963,9478,56607,15870,7833,48204,45865,218786,44279,23487,41235,Male,Male,Male,Male,Male,Male,Male,Female,Male,Female,Female,Male,Male
2021,OR,40211,99564,188976,43404,143872,67393,22317,86361,163891,298781,81443,51038,80812,791170,32137,88779,144284,32509,84825,50612,13755,39399,100155,90217,44287,28872,41339,576893,8074,10785,44692,10895,59047,16781,8562,46962,63736,208564,37156,22166,39473,Male,Male,Male,Male,Male,Male,Male,Female,Male,Female,Male,Male,Male
2021,PA,60472,279965,632589,135817,395909,277138,77203,349347,504773,1145349,205284,176162,222772,2515723,50651,256561,466484,98235,227207,214731,48855,166323,306016,332287,112741,103982,131650,1947057,9821,23404,166105,37582,168702,62407,28348,183024,198757,813062,92543,72180,91122,Male,Male,Male,Male,Male,Male,Male,Female,Male,Female,Male,Male,Male
2021,PR,5881,34604,73231,24063,74369,28955,13315,48097,68623,166530,40933,30588,79389,372166,4992,31778,46536,18514,41746,22853,8298,19186,44200,46317,25263,20529,41954,316412,889,2826,26695,5549,32623,6102,5017,28911,24423,120213,15670,10059,37435,Male,Male,Male,Male,Male,Male,Male,Female,Male,Female,Male,Male,Male
2021,RI,1663,25671,47983,9830,36066,17230,5729,30990,42788,94848,22244,13951,20449,206521,1364,23203,33963,7239,22407,14056,3411,14562,25908,27522,12686,7797,12403,162921,299,2468,14020,2591,13659,3174,2318,16428,16880,67326,9558,6154,8046,Male,Male,Male,Male,Male,Male,Male,Female,Male,Female,Male,Male,Male
2021,SC,14643,126367,266933,45329,160258,100561,28935,111153,179681,365876,106471,71329,91216,921525,12522,113650,191951,32138,85906,76043,16944,48911,107272,87758,54702,43325,50403,747227,2121,12717,74982,13191,74352,24518,11991,62242,72409,278118,51769,28004,40813,Male,Male,Male,Male,Male,Male,Male,Female,Male,Female,Male,Male,Male
2021,SD,22183,22741,37597,10025,29625,15706,4821,27092,21167,71902,17945,12664,18833,179315,19594,20919,27853,8108,17505,12718,2596,11623,11573,18994,9505,7504,10823,132986,2589,1822,9744,1917,12120,2988,2225,15469,9594,52908,8440,5160,8010,Male,Male,Male,Male,Male,Male,Male,Female,Male,Female,Male,Male,Male
2021,TN,21547,165369,355373,66448,228153,170528,38424,159343,235965,524565,143508,93266,118956,1295937,17742,150860,254776,48253,127340,126703,23627,67815,138541,143194,75015,54838,67233,1025508,3805,14509,100597,18195,100813,43825,14797,91528,97424,381371,68493,38428,51723,Male,Male,Male,Male,Male,Male,Male,Female,Male,Female,Male,Male,Male
2021,TX,313227,934896,1008165,313119,965557,668554,177016,777114,1232793,2130456,600552,427144,512298,5837937,256343,848005,757055,228440,553078,520608,114756,361587,755959,583598,317046,248525,292937,4222954,56884,86891,251110,84679,412479,147946,62260,415527,476834,1546858,283506,178619,219361,Male,Male,Male,Male,Male,Male,Male,Female,Male,Female,Male,Male,Male
2021,UT,18571,95481,135479,30319,105986,60592,21115,88923,145079,203244,53129,40755,65601,669050,15754,88191,100399,23397,64092,47204,13584,48557,97905,75232,28742,25896,40097,395224,2817,7290,35080,6922,41894,13388,7531,40366,47174,128012,24387,14859,25504,Male,Male,Male,Male,Male,Male,Male,Male,Male,Female,Male,Male,Male
2021,VA,26300,216607,258931,60937,244683,151908,61504,228894,540075,640584,165829,141591,345334,1722148,22409,193429,188660,43877,138328,117843,38967,105840,334778,171169,88018,73629,205201,1361029,3891,23178,70271,17060,106355,34065,22537,123054,205297,469415,77811,67962,140133,Male,Male,Male,Male,Male,Male,Male,Female,Male,Female,Male,Male,Male
2021,VT,6101,17355,28028,4845,22312,7823,4048,12404,21580,61007,13964,8676,13734,121484,4710,15935,20584,3851,12970,6156,2433,5167,12897,18242,7593,4572,6374,100393,1391,1420,7444,994,9342,1667,1615,7237,8683,42765,6371,4104,7360,Male,Male,Male,Male,Male,Male,Male,Female,Male,Female,Male,Male,Female
2021,WA,60414,193028,295531,79804,265741,152543,65013,154107,386041,499507,141573,93712,159367,1495616,47776,172207,226718,58036,154145,116358,44946,73330,243677,144715,73088,50557,90063,1050765,12638,20821,68813,21768,111596,36185,20067,80777,142364,354792,68485,43155,69304,Male,Male,Male,Male,Male,Male,Male,Female,Male,Female,Male,Male,Male
2021,WI,48687,137196,468670,67673,191474,110890,34842,153183,193196,443868,98999,74442,88719,1206333,39909,125587,338492,49688,107030,84341,21122,64457,113821,115575,55227,42744,48340,905506,8778,11609,130178,17985,84444,26549,13720,88726,79375,328293,43772,31698,40379,Male,Male,Male,Male,Male,Male,Male,Female,Male,Female,Male,Male,Male
2021,WV,20244,35889,50685,12076,58463,35808,8202,24939,43506,144299,28844,19832,43730,299231,19070,33235,41271,10271,33051,29755,5203,10378,26396,38639,15235,13331,23396,227286,1174,2654,9414,1805,25412,6053,2999,14561,17110,105660,13609,6501,20334,Male,Male,Male,Male,Male,Male,Male,Female,Male,Female,Male,Male,Male
2021,WY,22214,15380,8809,3976,19053,12635,2335,9398,11175,42055,11475,6695,15122,107176,19491,13762,7057,3256,10297,10734,1395,3158,6458,12729,6394,4420,8025,73146,2723,1618,1752,720,8756,1901,940,6240,4717,29326,5081,2275,7097,Male,Male,Male,Male,Male,Male,Male,Female,Male,Female,Male,Male,Male
